{
	"Texts":	[{
			"Initial Text":	"Centered",
			"Pos":	[63, 52],
			"Centered":	true,
			"Updater":	0
		}],
	"Images":	[],
	"Fillbars":	[{
			"Pos":	[33, 14],
			"Size":	[210, 7],
			"Background Color":	[0.058212868869304657, 0.015066320076584816, 0.16176468133926392, 1],
			"Fill Color":	[0.4181084930896759, 0.71078431606292725, 0, 1],
			"Updater":	0
		}],
	"Buttons":	[{
			"Pos":	[16, 47],
			"Size":	[92, 26],
			"Sprite Index":	0,
			"Color":	[0.95098036527633667, 0.573385179042816, 0.573385179042816, 1],
			"Callback":	0,
			"Updater":	0
		}]
}